trade_id,desk,product,historical_date,scenario_name,pnl
T1,D1,IR Swap,2025-07-01,Historical 2025-07-01,-2874.9
T1,D1,IR Swap,2025-07-02,Historical 2025-07-02,3461.76
T1,D1,IR Swap,2025-07-03,Historical 2025-07-03,1333.78
T1,D1,IR Swap,2025-07-04,Historical 2025-07-04,313.0
T1,D1,IR Swap,2025-07-05,Historical 2025-07-05,-749.7
T1,D1,IR Swap,2025-07-06,Historical 2025-07-06,-2540.72
T1,D1,IR Swap,2025-07-07,Historical 2025-07-07,3705.95
T1,D1,IR Swap,2025-07-08,Historical 2025-07-08,1606.32
T1,D1,IR Swap,2025-07-09,Historical 2025-07-09,601.92
T1,D1,IR Swap,2025-07-10,Historical 2025-07-10,-457.6
T1,D1,IR Swap,2025-07-11,Historical 2025-07-11,-2040.6
T1,D1,IR Swap,2025-07-12,Historical 2025-07-12,-3100.12
T1,D1,IR Swap,2025-07-13,Historical 2025-07-13,1931.49
T1,D1,IR Swap,2025-07-14,Historical 2025-07-14,912.03
T1,D1,IR Swap,2025-07-15,Historical 2025-07-15,-149.35
T1,D1,IR Swap,2025-07-16,Historical 2025-07-16,-1945.65
T1,D1,IR Swap,2025-07-17,Historical 2025-07-17,-2784.96
T1,D1,IR Swap,2025-07-18,Historical 2025-07-18,2201.08
T1,D1,IR Swap,2025-07-19,Historical 2025-07-19,1198.0
T1,D1,IR Swap,2025-07-20,Historical 2025-07-20,157.5
T1,D1,IR Swap,2025-07-21,Historical 2025-07-21,-1495.68
T1,D1,IR Swap,2025-07-22,Historical 2025-07-22,-2553.88
T1,D1,IR Swap,2025-07-23,Historical 2025-07-23,3738.0
T1,D1,IR Swap,2025-07-24,Historical 2025-07-24,1522.86
T1,D1,IR Swap,2025-07-25,Historical 2025-07-25,462.8
T1,D1,IR Swap,2025-07-26,Historical 2025-07-26,-1199.85
T1,D1,IR Swap,2025-07-27,Historical 2025-07-27,-2241.67
T1,D1,IR Swap,2025-07-28,Historical 2025-07-28,3992.67
T1,D1,IR Swap,2025-07-29,Historical 2025-07-29,1805.88
T1,D1,IR Swap,2025-07-30,Historical 2025-07-30,703.0
T1,D1,IR Swap,2025-07-31,Historical 2025-07-31,-938.96
T1,D1,IR Swap,2025-08-01,Historical 2025-08-01,-2096.64
T1,D1,IR Swap,2025-08-02,Historical 2025-08-02,-2910.8
T1,D1,IR Swap,2025-08-03,Historical 2025-08-03,2020.51
T1,D1,IR Swap,2025-08-04,Historical 2025-08-04,1024.65
T1,D1,IR Swap,2025-08-05,Historical 2025-08-05,-679.73
T1,D1,IR Swap,2025-08-06,Historical 2025-08-06,-1772.63
T1,D1,IR Swap,2025-08-07,Historical 2025-08-07,-2907.45
T1,D1,IR Swap,2025-08-08,Historical 2025-08-08,2282.88
T1,D1,IR Swap,2025-08-09,Historical 2025-08-09,1303.4
T1,D1,IR Swap,2025-08-10,Historical 2025-08-10,-389.34
T1,D1,IR Swap,2025-08-11,Historical 2025-08-11,-1497.3
T1,D1,IR Swap,2025-08-12,Historical 2025-08-12,-2375.04
T1,D1,IR Swap,2025-08-13,Historical 2025-08-13,3792.6
T1,D1,IR Swap,2025-08-14,Historical 2025-08-14,1625.0
T1,D1,IR Swap,2025-08-15,Historical 2025-08-15,-84.66
T1,D1,IR Swap,2025-08-16,Historical 2025-08-16,-1176.24
T1,D1,IR Swap,2025-08-17,Historical 2025-08-17,-2070.05
T1,D1,IR Swap,2025-08-18,Historical 2025-08-18,4040.05
T1,D1,IR Swap,2025-08-19,Historical 2025-08-19,1900.8
T2,D1,IR Swap,2025-07-01,Historical 2025-07-01,-6614.4
T2,D1,IR Swap,2025-07-02,Historical 2025-07-02,3369.24
T2,D1,IR Swap,2025-07-03,Historical 2025-07-03,2237.0
T2,D1,IR Swap,2025-07-04,Historical 2025-07-04,-207.06
T2,D1,IR Swap,2025-07-05,Historical 2025-07-05,-2748.72
T2,D1,IR Swap,2025-07-06,Historical 2025-07-06,-5911.85
T2,D1,IR Swap,2025-07-07,Historical 2025-07-07,3981.85
T2,D1,IR Swap,2025-07-08,Historical 2025-07-08,2874.96
T2,D1,IR Swap,2025-07-09,Historical 2025-07-09,468.64
T2,D1,IR Swap,2025-07-10,Historical 2025-07-10,-1877.2
T2,D1,IR Swap,2025-07-11,Historical 2025-07-11,-5389.32
T2,D1,IR Swap,2025-07-12,Historical 2025-07-12,4724.28
T2,D1,IR Swap,2025-07-13,Historical 2025-07-13,3606.71
T2,D1,IR Swap,2025-07-14,Historical 2025-07-14,1164.93
T2,D1,IR Swap,2025-07-15,Historical 2025-07-15,-1374.45
T2,D1,IR Swap,2025-07-16,Historical 2025-07-16,-4693.44
T2,D1,IR Swap,2025-07-17,Historical 2025-07-17,5330.22
T2,D1,IR Swap,2025-07-18,Historical 2025-07-18,4238.0
T2,D1,IR Swap,2025-07-19,Historical 2025-07-19,1833.96
T2,D1,IR Swap,2025-07-20,Historical 2025-07-20,-616.32
T2,D1,IR Swap,2025-07-21,Historical 2025-07-21,-4137.56
T2,D1,IR Swap,2025-07-22,Historical 2025-07-22,-6662.0
T2,D1,IR Swap,2025-07-23,Historical 2025-07-23,3739.32
T2,D1,IR Swap,2025-07-24,Historical 2025-07-24,2563.6
T2,D1,IR Swap,2025-07-25,Historical 2025-07-25,23.75
T2,D1,IR Swap,2025-07-26,Historical 2025-07-26,-3448.35
T2,D1,IR Swap,2025-07-27,Historical 2025-07-27,-5935.05
T2,D1,IR Swap,2025-07-28,Historical 2025-07-28,4376.33
T2,D1,IR Swap,2025-07-29,Historical 2025-07-29,3225.96
T2,D1,IR Swap,2025-07-30,Historical 2025-07-30,671.24
T2,D1,IR Swap,2025-07-31,Historical 2025-07-31,-2859.12
T2,D1,IR Swap,2025-08-01,Historical 2025-08-01,-5061.6
T2,D1,IR Swap,2025-08-02,Historical 2025-08-02,4850.0
T2,D1,IR Swap,2025-08-03,Historical 2025-08-03,3761.01
T2,D1,IR Swap,2025-08-04,Historical 2025-08-04,1372.59
T2,D1,IR Swap,2025-08-05,Historical 2025-08-05,-2287.63
T2,D1,IR Swap,2025-08-06,Historical 2025-08-06,-4894.05
T2,D1,IR Swap,2025-08-07,Historical 2025-08-07,5440.32
T2,D1,IR Swap,2025-08-08,Historical 2025-08-08,4376.68
T2,D1,IR Swap,2025-08-09,Historical 2025-08-09,2026.0
T2,D1,IR Swap,2025-08-10,Historical 2025-08-10,-1631.7
T2,D1,IR Swap,2025-08-11,Historical 2025-08-11,-3834.24
T2,D1,IR Swap,2025-08-12,Historical 2025-08-12,-6305.32
T2,D1,IR Swap,2025-08-13,Historical 2025-08-13,3894.0
T2,D1,IR Swap,2025-08-14,Historical 2025-08-14,2746.86
T2,D1,IR Swap,2025-08-15,Historical 2025-08-15,-922.48
T2,D1,IR Swap,2025-08-16,Historical 2025-08-16,-3160.65
T2,D1,IR Swap,2025-08-17,Historical 2025-08-17,-5593.99
T2,D1,IR Swap,2025-08-18,Historical 2025-08-18,4515.39
T2,D1,IR Swap,2025-08-19,Historical 2025-08-19,3393.6
T3,D1,FX Swap,2025-07-01,Historical 2025-07-01,-4856.88
T3,D1,FX Swap,2025-07-02,Historical 2025-07-02,-2501.0
T3,D1,FX Swap,2025-07-03,Historical 2025-07-03,-46.92
T3,D1,FX Swap,2025-07-04,Historical 2025-07-04,2505.36
T3,D1,FX Swap,2025-07-05,Historical 2025-07-05,4620.8
T3,D1,FX Swap,2025-07-06,Historical 2025-07-06,-5468.86
T3,D1,FX Swap,2025-07-07,Historical 2025-07-07,-3151.17
T3,D1,FX Swap,2025-07-08,Historical 2025-07-08,-735.28
T3,D1,FX Swap,2025-07-09,Historical 2025-07-09,1778.81
T3,D1,FX Swap,2025-07-10,Historical 2025-07-10,4056.54
T3,D1,FX Swap,2025-07-11,Historical 2025-07-11,-6256.8
T3,D1,FX Swap,2025-07-12,Historical 2025-07-12,-3903.65
T3,D1,FX Swap,2025-07-13,Historical 2025-07-13,-1452.3
T3,D1,FX Swap,2025-07-14,Historical 2025-07-14,1097.25
T3,D1,FX Swap,2025-07-15,Historical 2025-07-15,3360.0
T3,D1,FX Swap,2025-07-16,Historical 2025-07-16,8120.28
T3,D1,FX Swap,2025-07-17,Historical 2025-07-17,-4547.0
T3,D1,FX Swap,2025-07-18,Historical 2025-07-18,-2133.84
T3,D1,FX Swap,2025-07-19,Historical 2025-07-19,377.52
T3,D1,FX Swap,2025-07-20,Historical 2025-07-20,2761.64
T3,D1,FX Swap,2025-07-21,Historical 2025-07-21,6638.0
T3,D1,FX Swap,2025-07-22,Historical 2025-07-22,-5333.58
T3,D1,FX Swap,2025-07-23,Historical 2025-07-23,-2884.96
T3,D1,FX Swap,2025-07-24,Historical 2025-07-24,-303.05
T3,D1,FX Swap,2025-07-25,Historical 2025-07-25,2071.92
T3,D1,FX Swap,2025-07-26,Historical 2025-07-26,5896.44
T3,D1,FX Swap,2025-07-27,Historical 2025-07-27,-5970.11
T3,D1,FX Swap,2025-07-28,Historical 2025-07-28,-3559.68
T3,D1,FX Swap,2025-07-29,Historical 2025-07-29,-1051.05
T3,D1,FX Swap,2025-07-30,Historical 2025-07-30,1439.46
T3,D1,FX Swap,2025-07-31,Historical 2025-07-31,5326.74
T3,D1,FX Swap,2025-08-01,Historical 2025-08-01,-6395.21
T3,D1,FX Swap,2025-08-02,Historical 2025-08-02,-4096.62
T3,D1,FX Swap,2025-08-03,Historical 2025-08-03,-1699.83
T3,D1,FX Swap,2025-08-04,Historical 2025-08-04,795.16
T3,D1,FX Swap,2025-08-05,Historical 2025-08-05,4821.6
T3,D1,FX Swap,2025-08-06,Historical 2025-08-06,7692.48
T3,D1,FX Swap,2025-08-07,Historical 2025-08-07,-4723.6
T3,D1,FX Swap,2025-08-08,Historical 2025-08-08,-2365.0
T3,D1,FX Swap,2025-08-09,Historical 2025-08-09,91.8
T3,D1,FX Swap,2025-08-10,Historical 2025-08-10,3753.6
T3,D1,FX Swap,2025-08-11,Historical 2025-08-11,6237.7
T3,D1,FX Swap,2025-08-12,Historical 2025-08-12,-5502.0
T3,D1,FX Swap,2025-08-13,Historical 2025-08-13,-3107.94
T3,D1,FX Swap,2025-08-14,Historical 2025-08-14,-615.68
T3,D1,FX Swap,2025-08-15,Historical 2025-08-15,3066.6
T3,D1,FX Swap,2025-08-16,Historical 2025-08-16,5512.51
T3,D1,FX Swap,2025-08-17,Historical 2025-08-17,-6122.16
T3,D1,FX Swap,2025-08-18,Historical 2025-08-18,-3766.29
T3,D1,FX Swap,2025-08-19,Historical 2025-08-19,-1312.22
T4,D1,Equity Option,2025-07-01,Historical 2025-07-01,-2797.0
T4,D1,Equity Option,2025-07-02,Historical 2025-07-02,4227.9
T4,D1,Equity Option,2025-07-03,Historical 2025-07-03,1418.56
T4,D1,Equity Option,2025-07-04,Historical 2025-07-04,-89.3
T4,D1,Equity Option,2025-07-05,Historical 2025-07-05,-181.39
T4,D1,Equity Option,2025-07-06,Historical 2025-07-06,-2371.05
T4,D1,Equity Option,2025-07-07,Historical 2025-07-07,4592.47
T4,D1,Equity Option,2025-07-08,Historical 2025-07-08,1818.98
T4,D1,Equity Option,2025-07-09,Historical 2025-07-09,323.4
T4,D1,Equity Option,2025-07-10,Historical 2025-07-10,-1138.5
T4,D1,Equity Option,2025-07-11,Historical 2025-07-11,-2012.93
T4,D1,Equity Option,2025-07-12,Historical 2025-07-12,-3554.53
T4,D1,Equity Option,2025-07-13,Historical 2025-07-13,2276.4
T4,D1,Equity Option,2025-07-14,Historical 2025-07-14,681.6
T4,D1,Equity Option,2025-07-15,Historical 2025-07-15,-733.04
T4,D1,Equity Option,2025-07-16,Historical 2025-07-16,-1591.0
T4,D1,Equity Option,2025-07-17,Historical 2025-07-17,-3109.98
T4,D1,Equity Option,2025-07-18,Historical 2025-07-18,2672.8
T4,D1,Equity Option,2025-07-19,Historical 2025-07-19,1056.4
T4,D1,Equity Option,2025-07-20,Historical 2025-07-20,-346.0
T4,D1,Equity Option,2025-07-21,Historical 2025-07-21,-1212.78
T4,D1,Equity Option,2025-07-22,Historical 2025-07-22,-2752.88
T4,D1,Equity Option,2025-07-23,Historical 2025-07-23,4080.25
T4,D1,Equity Option,2025-07-24,Historical 2025-07-24,1468.58
T4,D1,Equity Option,2025-07-25,Historical 2025-07-25,55.44
T4,D1,Equity Option,2025-07-26,Historical 2025-07-26,-794.87
T4,D1,Equity Option,2025-07-27,Historical 2025-07-27,-2312.35
T4,D1,Equity Option,2025-07-28,Historical 2025-07-28,4931.85
T4,D1,Equity Option,2025-07-29,Historical 2025-07-29,1839.36
T4,D1,Equity Option,2025-07-30,Historical 2025-07-30,462.58
T4,D1,Equity Option,2025-07-31,Historical 2025-07-31,-1802.5
T4,D1,Equity Option,2025-08-01,Historical 2025-08-01,-1824.57
T4,D1,Equity Option,2025-08-02,Historical 2025-08-02,-3334.01
T4,D1,Equity Option,2025-08-03,Historical 2025-08-03,2387.54
T4,D1,Equity Option,2025-08-04,Historical 2025-08-04,903.0
T4,D1,Equity Option,2025-08-05,Historical 2025-08-05,-1294.08
T4,D1,Equity Option,2025-08-06,Historical 2025-08-06,-1412.18
T4,D1,Equity Option,2025-08-07,Historical 2025-08-07,-2899.0
T4,D1,Equity Option,2025-08-08,Historical 2025-08-08,2774.4
T4,D1,Equity Option,2025-08-09,Historical 2025-08-09,1312.48
T4,D1,Equity Option,2025-08-10,Historical 2025-08-10,-927.08
T4,D1,Equity Option,2025-08-11,Historical 2025-08-11,-1039.0
T4,D1,Equity Option,2025-08-12,Historical 2025-08-12,-2546.94
T4,D1,Equity Option,2025-08-13,Historical 2025-08-13,4622.8
T4,D1,Equity Option,2025-08-14,Historical 2025-08-14,1580.8
T4,D1,Equity Option,2025-08-15,Historical 2025-08-15,-527.68
T4,D1,Equity Option,2025-08-16,Historical 2025-08-16,-630.63
T4,D1,Equity Option,2025-08-17,Historical 2025-08-17,-2115.95
T4,D1,Equity Option,2025-08-18,Historical 2025-08-18,4992.41
T4,D1,Equity Option,2025-08-19,Historical 2025-08-19,2169.3
T5,D1,FX Forward,2025-07-01,Historical 2025-07-01,183.6
T5,D1,FX Forward,2025-07-02,Historical 2025-07-02,104.0
T5,D1,FX Forward,2025-07-03,Historical 2025-07-03,19.0
T5,D1,FX Forward,2025-07-04,Historical 2025-07-04,-58.2
T5,D1,FX Forward,2025-07-05,Historical 2025-07-05,-138.6
T5,D1,FX Forward,2025-07-06,Historical 2025-07-06,202.0
T5,D1,FX Forward,2025-07-07,Historical 2025-07-07,123.6
T5,D1,FX Forward,2025-07-08,Historical 2025-07-08,42.0
T5,D1,FX Forward,2025-07-09,Historical 2025-07-09,-38.4
T5,D1,FX Forward,2025-07-10,Historical 2025-07-10,-121.2
T5,D1,FX Forward,2025-07-11,Historical 2025-07-11,-206.0
T5,D1,FX Forward,2025-07-12,Historical 2025-07-12,147.0
T5,D1,FX Forward,2025-07-13,Historical 2025-07-13,57.6
T5,D1,FX Forward,2025-07-14,Historical 2025-07-14,-19.6
T5,D1,FX Forward,2025-07-15,Historical 2025-07-15,-100.0
T5,D1,FX Forward,2025-07-16,Historical 2025-07-16,-183.6
T5,D1,FX Forward,2025-07-17,Historical 2025-07-17,166.4
T5,D1,FX Forward,2025-07-18,Historical 2025-07-18,76.0
T5,D1,FX Forward,2025-07-19,Historical 2025-07-19,0.0
T5,D1,FX Forward,2025-07-20,Historical 2025-07-20,-81.6
T5,D1,FX Forward,2025-07-21,Historical 2025-07-21,-166.4
T5,D1,FX Forward,2025-07-22,Historical 2025-07-22,171.0
T5,D1,FX Forward,2025-07-23,Historical 2025-07-23,97.0
T5,D1,FX Forward,2025-07-24,Historical 2025-07-24,19.8
T5,D1,FX Forward,2025-07-25,Historical 2025-07-25,-60.6
T5,D1,FX Forward,2025-07-26,Historical 2025-07-26,-144.2
T5,D1,FX Forward,2025-07-27,Historical 2025-07-27,210.0
T5,D1,FX Forward,2025-07-28,Historical 2025-07-28,115.2
T5,D1,FX Forward,2025-07-29,Historical 2025-07-29,39.2
T5,D1,FX Forward,2025-07-30,Historical 2025-07-30,-41.2
T5,D1,FX Forward,2025-07-31,Historical 2025-07-31,-126.0
T5,D1,FX Forward,2025-08-01,Historical 2025-08-01,-202.0
T5,D1,FX Forward,2025-08-02,Historical 2025-08-02,144.2
T5,D1,FX Forward,2025-08-03,Historical 2025-08-03,63.0
T5,D1,FX Forward,2025-08-04,Historical 2025-08-04,-19.2
T5,D1,FX Forward,2025-08-05,Historical 2025-08-05,-98.0
T5,D1,FX Forward,2025-08-06,Historical 2025-08-06,-180.0
T5,D1,FX Forward,2025-08-07,Historical 2025-08-07,163.2
T5,D1,FX Forward,2025-08-08,Historical 2025-08-08,83.2
T5,D1,FX Forward,2025-08-09,Historical 2025-08-09,0.0
T5,D1,FX Forward,2025-08-10,Historical 2025-08-10,-80.0
T5,D1,FX Forward,2025-08-11,Historical 2025-08-11,-163.2
T5,D1,FX Forward,2025-08-12,Historical 2025-08-12,187.2
T5,D1,FX Forward,2025-08-13,Historical 2025-08-13,95.0
T5,D1,FX Forward,2025-08-14,Historical 2025-08-14,19.4
T5,D1,FX Forward,2025-08-15,Historical 2025-08-15,-59.4
T5,D1,FX Forward,2025-08-16,Historical 2025-08-16,-141.4
T5,D1,FX Forward,2025-08-17,Historical 2025-08-17,206.0
T5,D1,FX Forward,2025-08-18,Historical 2025-08-18,126.0
T5,D1,FX Forward,2025-08-19,Historical 2025-08-19,38.4
T6,D2,FX Forward,2025-07-01,Historical 2025-07-01,-418.08
T6,D2,FX Forward,2025-07-02,Historical 2025-07-02,-636.5
T6,D2,FX Forward,2025-07-03,Historical 2025-07-03,454.93
T6,D2,FX Forward,2025-07-04,Historical 2025-07-04,198.99
T6,D2,FX Forward,2025-07-05,Historical 2025-07-05,-67.67
T6,D2,FX Forward,2025-07-06,Historical 2025-07-06,-345.05
T6,D2,FX Forward,2025-07-07,Historical 2025-07-07,-633.15
T6,D2,FX Forward,2025-07-08,Historical 2025-07-08,514.56
T6,D2,FX Forward,2025-07-09,Historical 2025-07-09,262.64
T6,D2,FX Forward,2025-07-10,Historical 2025-07-10,0.0
T6,D2,FX Forward,2025-07-11,Historical 2025-07-11,-281.4
T6,D2,FX Forward,2025-07-12,Historical 2025-07-12,-514.56
T6,D2,FX Forward,2025-07-13,Historical 2025-07-13,590.94
T6,D2,FX Forward,2025-07-14,Historical 2025-07-14,335.0
T6,D2,FX Forward,2025-07-15,Historical 2025-07-15,68.34
T6,D2,FX Forward,2025-07-16,Historical 2025-07-16,-209.04
T6,D2,FX Forward,2025-07-17,Historical 2025-07-17,-445.55
T6,D2,FX Forward,2025-07-18,Historical 2025-07-18,649.9
T6,D2,FX Forward,2025-07-19,Historical 2025-07-19,397.98
T6,D2,FX Forward,2025-07-20,Historical 2025-07-20,139.36
T6,D2,FX Forward,2025-07-21,Historical 2025-07-21,-127.3
T6,D2,FX Forward,2025-07-22,Historical 2025-07-22,-389.94
T6,D2,FX Forward,2025-07-23,Historical 2025-07-23,-663.3
T6,D2,FX Forward,2025-07-24,Historical 2025-07-24,473.69
T6,D2,FX Forward,2025-07-25,Historical 2025-07-25,207.03
T6,D2,FX Forward,2025-07-26,Historical 2025-07-26,-70.35
T6,D2,FX Forward,2025-07-27,Historical 2025-07-27,-321.6
T6,D2,FX Forward,2025-07-28,Historical 2025-07-28,-590.94
T6,D2,FX Forward,2025-07-29,Historical 2025-07-29,536.0
T6,D2,FX Forward,2025-07-30,Historical 2025-07-30,281.4
T6,D2,FX Forward,2025-07-31,Historical 2025-07-31,0.0
T6,D2,FX Forward,2025-08-01,Historical 2025-08-01,-276.04
T6,D2,FX Forward,2025-08-02,Historical 2025-08-02,-562.8
T6,D2,FX Forward,2025-08-03,Historical 2025-08-03,578.88
T6,D2,FX Forward,2025-08-04,Historical 2025-08-04,328.3
T6,D2,FX Forward,2025-08-05,Historical 2025-08-05,67.0
T6,D2,FX Forward,2025-08-06,Historical 2025-08-06,-205.02
T6,D2,FX Forward,2025-08-07,Historical 2025-08-07,-487.76
T6,D2,FX Forward,2025-08-08,Historical 2025-08-08,636.5
T6,D2,FX Forward,2025-08-09,Historical 2025-08-09,389.94
T6,D2,FX Forward,2025-08-10,Historical 2025-08-10,136.68
T6,D2,FX Forward,2025-08-11,Historical 2025-08-11,-139.36
T6,D2,FX Forward,2025-08-12,Historical 2025-08-12,-381.9
T6,D2,FX Forward,2025-08-13,Historical 2025-08-13,-649.9
T6,D2,FX Forward,2025-08-14,Historical 2025-08-14,464.31
T6,D2,FX Forward,2025-08-15,Historical 2025-08-15,203.01
T6,D2,FX Forward,2025-08-16,Historical 2025-08-16,-69.01
T6,D2,FX Forward,2025-08-17,Historical 2025-08-17,-351.75
T6,D2,FX Forward,2025-08-18,Historical 2025-08-18,-578.88
T6,D2,FX Forward,2025-08-19,Historical 2025-08-19,525.28
T7,D2,FX Swap,2025-07-01,Historical 2025-07-01,579.5
T7,D2,FX Swap,2025-07-02,Historical 2025-07-02,269.66
T7,D2,FX Swap,2025-07-03,Historical 2025-07-03,-53.46
T7,D2,FX Swap,2025-07-04,Historical 2025-07-04,-389.86
T7,D2,FX Swap,2025-07-05,Historical 2025-07-05,-739.54
T7,D2,FX Swap,2025-07-06,Historical 2025-07-06,730.8
T7,D2,FX Swap,2025-07-07,Historical 2025-07-07,349.44
T7,D2,FX Swap,2025-07-08,Historical 2025-07-08,31.36
T7,D2,FX Swap,2025-07-09,Historical 2025-07-09,-300.0
T7,D2,FX Swap,2025-07-10,Historical 2025-07-10,-663.6
T7,D2,FX Swap,2025-07-11,Historical 2025-07-11,750.72
T7,D2,FX Swap,2025-07-12,Historical 2025-07-12,441.0
T7,D2,FX Swap,2025-07-13,Historical 2025-07-13,118.0
T7,D2,FX Swap,2025-07-14,Historical 2025-07-14,-218.28
T7,D2,FX Swap,2025-07-15,Historical 2025-07-15,-567.84
T7,D2,FX Swap,2025-07-16,Historical 2025-07-16,186.2
T7,D2,FX Swap,2025-07-17,Historical 2025-07-17,519.92
T7,D2,FX Swap,2025-07-18,Historical 2025-07-18,201.96
T7,D2,FX Swap,2025-07-19,Historical 2025-07-19,-129.28
T7,D2,FX Swap,2025-07-20,Historical 2025-07-20,-437.0
T7,D2,FX Swap,2025-07-21,Historical 2025-07-21,-826.44
T7,D2,FX Swap,2025-07-22,Historical 2025-07-22,615.78
T7,D2,FX Swap,2025-07-23,Historical 2025-07-23,292.9
T7,D2,FX Swap,2025-07-24,Historical 2025-07-24,-43.26
T7,D2,FX Swap,2025-07-25,Historical 2025-07-25,-392.7
T7,D2,FX Swap,2025-07-26,Historical 2025-07-26,-735.36
T7,D2,FX Swap,2025-07-27,Historical 2025-07-27,693.84
T7,D2,FX Swap,2025-07-28,Historical 2025-07-28,376.0
T7,D2,FX Swap,2025-07-29,Historical 2025-07-29,44.88
T7,D2,FX Swap,2025-07-30,Historical 2025-07-30,-276.48
T7,D2,FX Swap,2025-07-31,Historical 2025-07-31,-666.4
T7,D2,FX Swap,2025-08-01,Historical 2025-08-01,833.7
T7,D2,FX Swap,2025-08-02,Historical 2025-08-02,443.52
T7,D2,FX Swap,2025-08-03,Historical 2025-08-03,127.4
T7,D2,FX Swap,2025-08-04,Historical 2025-08-04,-202.0
T7,D2,FX Swap,2025-08-05,Historical 2025-08-05,-605.88
T7,D2,FX Swap,2025-08-06,Historical 2025-08-06,216.32
T7,D2,FX Swap,2025-08-07,Historical 2025-08-07,520.6
T7,D2,FX Swap,2025-08-08,Historical 2025-08-08,209.52
T7,D2,FX Swap,2025-08-09,Historical 2025-08-09,-114.84
T7,D2,FX Swap,2025-08-10,Historical 2025-08-10,-528.32
T7,D2,FX Swap,2025-08-11,Historical 2025-08-11,-798.0
T7,D2,FX Swap,2025-08-12,Historical 2025-08-12,614.98
T7,D2,FX Swap,2025-08-13,Historical 2025-08-13,298.98
T7,D2,FX Swap,2025-08-14,Historical 2025-08-14,-30.3
T7,D2,FX Swap,2025-08-15,Historical 2025-08-15,-434.66
T7,D2,FX Swap,2025-08-16,Historical 2025-08-16,-791.7
T7,D2,FX Swap,2025-08-17,Historical 2025-08-17,691.2
T7,D2,FX Swap,2025-08-18,Historical 2025-08-18,380.24
T7,D2,FX Swap,2025-08-19,Historical 2025-08-19,56.0
T8,D2,Equity Total Return Swap,2025-07-01,Historical 2025-07-01,-547.08
T8,D2,Equity Total Return Swap,2025-07-02,Historical 2025-07-02,-1332.54
T8,D2,Equity Total Return Swap,2025-07-03,Historical 2025-07-03,1074.64
T8,D2,Equity Total Return Swap,2025-07-04,Historical 2025-07-04,290.46
T8,D2,Equity Total Return Swap,2025-07-05,Historical 2025-07-05,-525.0
T8,D2,Equity Total Return Swap,2025-07-06,Historical 2025-07-06,-349.44
T8,D2,Equity Total Return Swap,2025-07-07,Historical 2025-07-07,-1123.08
T8,D2,Equity Total Return Swap,2025-07-08,Historical 2025-07-08,1264.0
T8,D2,Equity Total Return Swap,2025-07-09,Historical 2025-07-09,491.64
T8,D2,Equity Total Return Swap,2025-07-10,Historical 2025-07-10,-288.0
T8,D2,Equity Total Return Swap,2025-07-11,Historical 2025-07-11,-160.72
T8,D2,Equity Total Return Swap,2025-07-12,Historical 2025-07-12,-946.0
T8,D2,Equity Total Return Swap,2025-07-13,Historical 2025-07-13,1493.28
T8,D2,Equity Total Return Swap,2025-07-14,Historical 2025-07-14,709.28
T8,D2,Equity Total Return Swap,2025-07-15,Historical 2025-07-15,-95.0
T8,D2,Equity Total Return Swap,2025-07-16,Historical 2025-07-16,-942.84
T8,D2,Equity Total Return Swap,2025-07-17,Historical 2025-07-17,-738.54
T8,D2,Equity Total Return Swap,2025-07-18,Historical 2025-07-18,1680.64
T8,D2,Equity Total Return Swap,2025-07-19,Historical 2025-07-19,908.46
T8,D2,Equity Total Return Swap,2025-07-20,Historical 2025-07-20,97.0
T8,D2,Equity Total Return Swap,2025-07-21,Historical 2025-07-21,-764.28
T8,D2,Equity Total Return Swap,2025-07-22,Historical 2025-07-22,-551.46
T8,D2,Equity Total Return Swap,2025-07-23,Historical 2025-07-23,-1367.84
T8,D2,Equity Total Return Swap,2025-07-24,Historical 2025-07-24,1136.1
T8,D2,Equity Total Return Swap,2025-07-25,Historical 2025-07-25,288.0
T8,D2,Equity Total Return Swap,2025-07-26,Historical 2025-07-26,-560.56
T8,D2,Equity Total Return Swap,2025-07-27,Historical 2025-07-27,-346.0
T8,D2,Equity Total Return Swap,2025-07-28,Historical 2025-07-28,-1150.56
T8,D2,Equity Total Return Swap,2025-07-29,Historical 2025-07-29,1333.28
T8,D2,Equity Total Return Swap,2025-07-30,Historical 2025-07-30,490.0
T8,D2,Equity Total Return Swap,2025-07-31,Historical 2025-07-31,-372.0
T8,D2,Equity Total Return Swap,2025-08-01,Historical 2025-08-01,-140.16
T8,D2,Equity Total Return Swap,2025-08-02,Historical 2025-08-02,-909.44
T8,D2,Equity Total Return Swap,2025-08-03,Historical 2025-08-03,1482.0
T8,D2,Equity Total Return Swap,2025-08-04,Historical 2025-08-04,714.0
T8,D2,Equity Total Return Swap,2025-08-05,Historical 2025-08-05,-178.88
T8,D2,Equity Total Return Swap,2025-08-06,Historical 2025-08-06,-906.3
T8,D2,Equity Total Return Swap,2025-08-07,Historical 2025-08-07,-706.16
T8,D2,Equity Total Return Swap,2025-08-08,Historical 2025-08-08,1665.18
T8,D2,Equity Total Return Swap,2025-08-09,Historical 2025-08-09,909.0
T8,D2,Equity Total Return Swap,2025-08-10,Historical 2025-08-10,26.6
T8,D2,Equity Total Return Swap,2025-08-11,Historical 2025-08-11,-731.38
T8,D2,Equity Total Return Swap,2025-08-12,Historical 2025-08-12,-522.72
T8,D2,Equity Total Return Swap,2025-08-13,Historical 2025-08-13,-1323.1
T8,D2,Equity Total Return Swap,2025-08-14,Historical 2025-08-14,1133.0
T8,D2,Equity Total Return Swap,2025-08-15,Historical 2025-08-15,239.4
T8,D2,Equity Total Return Swap,2025-08-16,Historical 2025-08-16,-531.84
T8,D2,Equity Total Return Swap,2025-08-17,Historical 2025-08-17,-321.44
T8,D2,Equity Total Return Swap,2025-08-18,Historical 2025-08-18,-1110.0
T8,D2,Equity Total Return Swap,2025-08-19,Historical 2025-08-19,1326.0
T9,D2,FX Forward,2025-07-01,Historical 2025-07-01,401.94
T9,D2,FX Forward,2025-07-02,Historical 2025-07-02,175.74
T9,D2,FX Forward,2025-07-03,Historical 2025-07-03,-59.74
T9,D2,FX Forward,2025-07-04,Historical 2025-07-04,-304.5
T9,D2,FX Forward,2025-07-05,Historical 2025-07-05,-501.12
T9,D2,FX Forward,2025-07-06,Historical 2025-07-06,454.72
T9,D2,FX Forward,2025-07-07,Historical 2025-07-07,232.0
T9,D2,FX Forward,2025-07-08,Historical 2025-07-08,0.0
T9,D2,FX Forward,2025-07-09,Historical 2025-07-09,-241.28
T9,D2,FX Forward,2025-07-10,Historical 2025-07-10,-454.72
T9,D2,FX Forward,2025-07-11,Historical 2025-07-11,522.0
T9,D2,FX Forward,2025-07-12,Historical 2025-07-12,295.8
T9,D2,FX Forward,2025-07-13,Historical 2025-07-13,60.32
T9,D2,FX Forward,2025-07-14,Historical 2025-07-14,-165.3
T9,D2,FX Forward,2025-07-15,Historical 2025-07-15,-393.82
T9,D2,FX Forward,2025-07-16,Historical 2025-07-16,574.2
T9,D2,FX Forward,2025-07-17,Historical 2025-07-17,351.48
T9,D2,FX Forward,2025-07-18,Historical 2025-07-18,119.48
T9,D2,FX Forward,2025-07-19,Historical 2025-07-19,-121.8
T9,D2,FX Forward,2025-07-20,Historical 2025-07-20,-344.52
T9,D2,FX Forward,2025-07-21,Historical 2025-07-21,-585.8
T9,D2,FX Forward,2025-07-22,Historical 2025-07-22,418.18
T9,D2,FX Forward,2025-07-23,Historical 2025-07-23,182.7
T9,D2,FX Forward,2025-07-24,Historical 2025-07-24,-55.68
T9,D2,FX Forward,2025-07-25,Historical 2025-07-25,-284.2
T9,D2,FX Forward,2025-07-26,Historical 2025-07-26,-522.0
T9,D2,FX Forward,2025-07-27,Historical 2025-07-27,473.28
T9,D2,FX Forward,2025-07-28,Historical 2025-07-28,241.28
T9,D2,FX Forward,2025-07-29,Historical 2025-07-29,0.0
T9,D2,FX Forward,2025-07-30,Historical 2025-07-30,-232.0
T9,D2,FX Forward,2025-07-31,Historical 2025-07-31,-473.28
T9,D2,FX Forward,2025-08-01,Historical 2025-08-01,511.56
T9,D2,FX Forward,2025-08-02,Historical 2025-08-02,290.0
T9,D2,FX Forward,2025-08-03,Historical 2025-08-03,59.16
T9,D2,FX Forward,2025-08-04,Historical 2025-08-04,-180.96
T9,D2,FX Forward,2025-08-05,Historical 2025-08-05,-385.7
T9,D2,FX Forward,2025-08-06,Historical 2025-08-06,562.6
T9,D2,FX Forward,2025-08-07,Historical 2025-08-07,344.52
T9,D2,FX Forward,2025-08-08,Historical 2025-08-08,117.16
T9,D2,FX Forward,2025-08-09,Historical 2025-08-09,-119.48
T9,D2,FX Forward,2025-08-10,Historical 2025-08-10,-337.56
T9,D2,FX Forward,2025-08-11,Historical 2025-08-11,-574.2
T9,D2,FX Forward,2025-08-12,Historical 2025-08-12,410.06
T9,D2,FX Forward,2025-08-13,Historical 2025-08-13,179.22
T9,D2,FX Forward,2025-08-14,Historical 2025-08-14,-60.9
T9,D2,FX Forward,2025-08-15,Historical 2025-08-15,-278.4
T9,D2,FX Forward,2025-08-16,Historical 2025-08-16,-511.56
T9,D2,FX Forward,2025-08-17,Historical 2025-08-17,464.0
T9,D2,FX Forward,2025-08-18,Historical 2025-08-18,236.64
T9,D2,FX Forward,2025-08-19,Historical 2025-08-19,0.0
T10,D2,IR Forward,2025-07-01,Historical 2025-07-01,6060.52
T10,D2,IR Forward,2025-07-02,Historical 2025-07-02,2761.65
T10,D2,IR Forward,2025-07-03,Historical 2025-07-03,-68.6
T10,D2,IR Forward,2025-07-04,Historical 2025-07-04,-3077.47
T10,D2,IR Forward,2025-07-05,Historical 2025-07-05,-6264.96
T10,D2,IR Forward,2025-07-06,Historical 2025-07-06,6430.08
T10,D2,IR Forward,2025-07-07,Historical 2025-07-07,3683.79
T10,D2,IR Forward,2025-07-08,Historical 2025-07-08,758.88
T10,D2,IR Forward,2025-07-09,Historical 2025-07-09,-2344.65
T10,D2,IR Forward,2025-07-10,Historical 2025-07-10,-5314.2
T10,D2,IR Forward,2025-07-11,Historical 2025-07-11,7887.6
T10,D2,IR Forward,2025-07-12,Historical 2025-07-12,4398.95
T10,D2,IR Forward,2025-07-13,Historical 2025-07-13,1558.0
T10,D2,IR Forward,2025-07-14,Historical 2025-07-14,-1461.57
T10,D2,IR Forward,2025-07-15,Historical 2025-07-15,-4176.2
T10,D2,IR Forward,2025-07-16,Historical 2025-07-16,-7152.04
T10,D2,IR Forward,2025-07-17,Historical 2025-07-17,5402.49
T10,D2,IR Forward,2025-07-18,Historical 2025-07-18,2466.88
T10,D2,IR Forward,2025-07-19,Historical 2025-07-19,-580.8
T10,D2,IR Forward,2025-07-20,Historical 2025-07-20,-3725.28
T10,D2,IR Forward,2025-07-21,Historical 2025-07-21,-7635.84
T10,D2,IR Forward,2025-07-22,Historical 2025-07-22,6101.37
T10,D2,IR Forward,2025-07-23,Historical 2025-07-23,3249.72
T10,D2,IR Forward,2025-07-24,Historical 2025-07-24,219.45
T10,D2,IR Forward,2025-07-25,Historical 2025-07-25,-2684.96
T10,D2,IR Forward,2025-07-26,Historical 2025-07-26,-7140.0
T10,D2,IR Forward,2025-07-27,Historical 2025-07-27,7186.31
T10,D2,IR Forward,2025-07-28,Historical 2025-07-28,3800.0
T10,D2,IR Forward,2025-07-29,Historical 2025-07-29,1002.54
T10,D2,IR Forward,2025-07-30,Historical 2025-07-30,-1856.3
T10,D2,IR Forward,2025-07-31,Historical 2025-07-31,-6199.48
T10,D2,IR Forward,2025-08-01,Historical 2025-08-01,8024.73
T10,D2,IR Forward,2025-08-02,Historical 2025-08-02,4573.3
T10,D2,IR Forward,2025-08-03,Historical 2025-08-03,1800.26
T10,D2,IR Forward,2025-08-04,Historical 2025-08-04,-1151.4
T10,D2,IR Forward,2025-08-05,Historical 2025-08-05,-5732.48
T10,D2,IR Forward,2025-08-06,Historical 2025-08-06,-6738.24
T10,D2,IR Forward,2025-08-07,Historical 2025-08-07,5571.72
T10,D2,IR Forward,2025-08-08,Historical 2025-08-08,2704.02
T10,D2,IR Forward,2025-08-09,Historical 2025-08-09,-342.3
T10,D2,IR Forward,2025-08-10,Historical 2025-08-10,-4791.96
T10,D2,IR Forward,2025-08-11,Historical 2025-08-11,-8058.75
T10,D2,IR Forward,2025-08-12,Historical 2025-08-12,6248.74
T10,D2,IR Forward,2025-08-13,Historical 2025-08-13,3465.0
T10,D2,IR Forward,2025-08-14,Historical 2025-08-14,502.64
T10,D2,IR Forward,2025-08-15,Historical 2025-08-15,-3689.8
T10,D2,IR Forward,2025-08-16,Historical 2025-08-16,-6723.78
T10,D2,IR Forward,2025-08-17,Historical 2025-08-17,7328.56
T10,D2,IR Forward,2025-08-18,Historical 2025-08-18,4450.16
T10,D2,IR Forward,2025-08-19,Historical 2025-08-19,1249.92
T11,D3,Cash Equity,2025-07-01,Historical 2025-07-01,14.25
T11,D3,Cash Equity,2025-07-02,Historical 2025-07-02,2.94
T11,D3,Cash Equity,2025-07-03,Historical 2025-07-03,-9.09
T11,D3,Cash Equity,2025-07-04,Historical 2025-07-04,-21.84
T11,D3,Cash Equity,2025-07-05,Historical 2025-07-05,28.8
T11,D3,Cash Equity,2025-07-06,Historical 2025-07-06,17.82
T11,D3,Cash Equity,2025-07-07,Historical 2025-07-07,6.12
T11,D3,Cash Equity,2025-07-08,Historical 2025-07-08,-6.3
T11,D3,Cash Equity,2025-07-09,Historical 2025-07-09,-17.46
T11,D3,Cash Equity,2025-07-10,Historical 2025-07-10,-31.5
T11,D3,Cash Equity,2025-07-11,Historical 2025-07-11,20.37
T11,D3,Cash Equity,2025-07-12,Historical 2025-07-12,9.0
T11,D3,Cash Equity,2025-07-13,Historical 2025-07-13,-3.09
T11,D3,Cash Equity,2025-07-14,Historical 2025-07-14,-14.25
T11,D3,Cash Equity,2025-07-15,Historical 2025-07-15,-26.46
T11,D3,Cash Equity,2025-07-16,Historical 2025-07-16,24.24
T11,D3,Cash Equity,2025-07-17,Historical 2025-07-17,12.48
T11,D3,Cash Equity,2025-07-18,Historical 2025-07-18,0.0
T11,D3,Cash Equity,2025-07-19,Historical 2025-07-19,-11.88
T11,D3,Cash Equity,2025-07-20,Historical 2025-07-20,-23.04
T11,D3,Cash Equity,2025-07-21,Historical 2025-07-21,26.73
T11,D3,Cash Equity,2025-07-22,Historical 2025-07-22,15.3
T11,D3,Cash Equity,2025-07-23,Historical 2025-07-23,3.15
T11,D3,Cash Equity,2025-07-24,Historical 2025-07-24,-8.73
T11,D3,Cash Equity,2025-07-25,Historical 2025-07-25,-21.0
T11,D3,Cash Equity,2025-07-26,Historical 2025-07-26,30.9
T11,D3,Cash Equity,2025-07-27,Historical 2025-07-27,17.1
T11,D3,Cash Equity,2025-07-28,Historical 2025-07-28,5.88
T11,D3,Cash Equity,2025-07-29,Historical 2025-07-29,-6.06
T11,D3,Cash Equity,2025-07-30,Historical 2025-07-30,-17.64
T11,D3,Cash Equity,2025-07-31,Historical 2025-07-31,-30.3
T11,D3,Cash Equity,2025-08-01,Historical 2025-08-01,19.95
T11,D3,Cash Equity,2025-08-02,Historical 2025-08-02,8.82
T11,D3,Cash Equity,2025-08-03,Historical 2025-08-03,-3.03
T11,D3,Cash Equity,2025-08-04,Historical 2025-08-04,-15.6
T11,D3,Cash Equity,2025-08-05,Historical 2025-08-05,-25.92
T11,D3,Cash Equity,2025-08-06,Historical 2025-08-06,23.76
T11,D3,Cash Equity,2025-08-07,Historical 2025-08-07,12.24
T11,D3,Cash Equity,2025-08-08,Historical 2025-08-08,0.0
T11,D3,Cash Equity,2025-08-09,Historical 2025-08-09,-11.64
T11,D3,Cash Equity,2025-08-10,Historical 2025-08-10,-25.2
T11,D3,Cash Equity,2025-08-11,Historical 2025-08-11,26.19
T11,D3,Cash Equity,2025-08-12,Historical 2025-08-12,15.0
T11,D3,Cash Equity,2025-08-13,Historical 2025-08-13,3.09
T11,D3,Cash Equity,2025-08-14,Historical 2025-08-14,-8.55
T11,D3,Cash Equity,2025-08-15,Historical 2025-08-15,-20.58
T11,D3,Cash Equity,2025-08-16,Historical 2025-08-16,30.3
T11,D3,Cash Equity,2025-08-17,Historical 2025-08-17,18.72
T11,D3,Cash Equity,2025-08-18,Historical 2025-08-18,5.76
T11,D3,Cash Equity,2025-08-19,Historical 2025-08-19,-5.94
T12,D3,Equity Total Return Swap,2025-07-01,Historical 2025-07-01,-6883.52
T12,D3,Equity Total Return Swap,2025-07-02,Historical 2025-07-02,3400.67
T12,D3,Equity Total Return Swap,2025-07-03,Historical 2025-07-03,2427.36
T12,D3,Equity Total Return Swap,2025-07-04,Historical 2025-07-04,-202.56
T12,D3,Equity Total Return Swap,2025-07-05,Historical 2025-07-05,-2603.7
T12,D3,Equity Total Return Swap,2025-07-06,Historical 2025-07-06,-6456.6
T12,D3,Equity Total Return Swap,2025-07-07,Historical 2025-07-07,4264.05
T12,D3,Equity Total Return Swap,2025-07-08,Historical 2025-07-08,2937.16
T12,D3,Equity Total Return Swap,2025-07-09,Historical 2025-07-09,483.0
T12,D3,Equity Total Return Swap,2025-07-10,Historical 2025-07-10,-2000.14
T12,D3,Equity Total Return Swap,2025-07-11,Historical 2025-07-11,-5636.0
T12,D3,Equity Total Return Swap,2025-07-12,Historical 2025-07-12,4897.65
T12,D3,Equity Total Return Swap,2025-07-13,Historical 2025-07-13,3535.9
T12,D3,Equity Total Return Swap,2025-07-14,Historical 2025-07-14,1153.46
T12,D3,Equity Total Return Swap,2025-07-15,Historical 2025-07-15,-1381.68
T12,D3,Equity Total Return Swap,2025-07-16,Historical 2025-07-16,-5139.68
T12,D3,Equity Total Return Swap,2025-07-17,Historical 2025-07-17,5231.04
T12,D3,Equity Total Return Swap,2025-07-18,Historical 2025-07-18,4371.84
T12,D3,Equity Total Return Swap,2025-07-19,Historical 2025-07-19,1908.42
T12,D3,Equity Total Return Swap,2025-07-20,Historical 2025-07-20,-667.26
T12,D3,Equity Total Return Swap,2025-07-21,Historical 2025-07-21,-4332.96
T12,D3,Equity Total Return Swap,2025-07-22,Historical 2025-07-22,-7132.65
T12,D3,Equity Total Return Swap,2025-07-23,Historical 2025-07-23,3490.06
T12,D3,Equity Total Return Swap,2025-07-24,Historical 2025-07-24,2565.0
T12,D3,Equity Total Return Swap,2025-07-25,Historical 2025-07-25,20.6
T12,D3,Equity Total Return Swap,2025-07-26,Historical 2025-07-26,-3376.3
T12,D3,Equity Total Return Swap,2025-07-27,Historical 2025-07-27,-5977.02
T12,D3,Equity Total Return Swap,2025-07-28,Historical 2025-07-28,4334.92
T12,D3,Equity Total Return Swap,2025-07-29,Historical 2025-07-29,3389.36
T12,D3,Equity Total Return Swap,2025-07-30,Historical 2025-07-30,721.14
T12,D3,Equity Total Return Swap,2025-07-31,Historical 2025-07-31,-3105.44
T12,D3,Equity Total Return Swap,2025-08-01,Historical 2025-08-01,-5296.9
T12,D3,Equity Total Return Swap,2025-08-02,Historical 2025-08-02,5035.86
T12,D3,Equity Total Return Swap,2025-08-03,Historical 2025-08-03,4111.12
T12,D3,Equity Total Return Swap,2025-08-04,Historical 2025-08-04,1351.68
T12,D3,Equity Total Return Swap,2025-08-05,Historical 2025-08-05,-2269.08
T12,D3,Equity Total Return Swap,2025-08-06,Historical 2025-08-06,-4805.22
T12,D3,Equity Total Return Swap,2025-08-07,Historical 2025-08-07,5964.0
T12,D3,Equity Total Return Swap,2025-08-08,Historical 2025-08-08,4507.59
T12,D3,Equity Total Return Swap,2025-08-09,Historical 2025-08-09,2102.0
T12,D3,Equity Total Return Swap,2025-08-10,Historical 2025-08-10,-1550.06
T12,D3,Equity Total Return Swap,2025-08-11,Historical 2025-08-11,-4017.0
T12,D3,Equity Total Return Swap,2025-08-12,Historical 2025-08-12,-6758.86
T12,D3,Equity Total Return Swap,2025-08-13,Historical 2025-08-13,3637.55
T12,D3,Equity Total Return Swap,2025-08-14,Historical 2025-08-14,2740.08
T12,D3,Equity Total Return Swap,2025-08-15,Historical 2025-08-15,-913.04
T12,D3,Equity Total Return Swap,2025-08-16,Historical 2025-08-16,-3455.92
T12,D3,Equity Total Return Swap,2025-08-17,Historical 2025-08-17,-5633.28
T12,D3,Equity Total Return Swap,2025-08-18,Historical 2025-08-18,4477.77
T12,D3,Equity Total Return Swap,2025-08-19,Historical 2025-08-19,3559.8
T13,D3,FX Forward,2025-07-01,Historical 2025-07-01,509.04
T13,D3,FX Forward,2025-07-02,Historical 2025-07-02,291.2
T13,D3,FX Forward,2025-07-03,Historical 2025-07-03,53.76
T13,D3,FX Forward,2025-07-04,Historical 2025-07-04,-166.32
T13,D3,FX Forward,2025-07-05,Historical 2025-07-05,-399.84
T13,D3,FX Forward,2025-07-06,Historical 2025-07-06,588.0
T13,D3,FX Forward,2025-07-07,Historical 2025-07-07,325.92
T13,D3,FX Forward,2025-07-08,Historical 2025-07-08,112.0
T13,D3,FX Forward,2025-07-09,Historical 2025-07-09,-115.36
T13,D3,FX Forward,2025-07-10,Historical 2025-07-10,-336.0
T13,D3,FX Forward,2025-07-11,Historical 2025-07-11,-576.8
T13,D3,FX Forward,2025-07-12,Historical 2025-07-12,372.4
T13,D3,FX Forward,2025-07-13,Historical 2025-07-13,164.64
T13,D3,FX Forward,2025-07-14,Historical 2025-07-14,-56.56
T13,D3,FX Forward,2025-07-15,Historical 2025-07-15,-291.2
T13,D3,FX Forward,2025-07-16,Historical 2025-07-16,-483.84
T13,D3,FX Forward,2025-07-17,Historical 2025-07-17,443.52
T13,D3,FX Forward,2025-07-18,Historical 2025-07-18,228.48
T13,D3,FX Forward,2025-07-19,Historical 2025-07-19,0.0
T13,D3,FX Forward,2025-07-20,Historical 2025-07-20,-228.48
T13,D3,FX Forward,2025-07-21,Historical 2025-07-21,-470.4
T13,D3,FX Forward,2025-07-22,Historical 2025-07-22,488.88
T13,D3,FX Forward,2025-07-23,Historical 2025-07-23,280.0
T13,D3,FX Forward,2025-07-24,Historical 2025-07-24,57.68
T13,D3,FX Forward,2025-07-25,Historical 2025-07-25,-159.6
T13,D3,FX Forward,2025-07-26,Historical 2025-07-26,-384.16
T13,D3,FX Forward,2025-07-27,Historical 2025-07-27,565.6
T13,D3,FX Forward,2025-07-28,Historical 2025-07-28,349.44
T13,D3,FX Forward,2025-07-29,Historical 2025-07-29,107.52
T13,D3,FX Forward,2025-07-30,Historical 2025-07-30,-116.48
T13,D3,FX Forward,2025-07-31,Historical 2025-07-31,-322.56
T13,D3,FX Forward,2025-08-01,Historical 2025-08-01,-565.6
T13,D3,FX Forward,2025-08-02,Historical 2025-08-02,407.68
T13,D3,FX Forward,2025-08-03,Historical 2025-08-03,161.28
T13,D3,FX Forward,2025-08-04,Historical 2025-08-04,-55.44
T13,D3,FX Forward,2025-08-05,Historical 2025-08-05,-285.6
T13,D3,FX Forward,2025-08-06,Historical 2025-08-06,-529.2
T13,D3,FX Forward,2025-08-07,Historical 2025-08-07,434.56
T13,D3,FX Forward,2025-08-08,Historical 2025-08-08,224.0
T13,D3,FX Forward,2025-08-09,Historical 2025-08-09,0.0
T13,D3,FX Forward,2025-08-10,Historical 2025-08-10,-224.0
T13,D3,FX Forward,2025-08-11,Historical 2025-08-11,-461.44
T13,D3,FX Forward,2025-08-12,Historical 2025-08-12,478.8
T13,D3,FX Forward,2025-08-13,Historical 2025-08-13,274.4
T13,D3,FX Forward,2025-08-14,Historical 2025-08-14,56.56
T13,D3,FX Forward,2025-08-15,Historical 2025-08-15,-174.72
T13,D3,FX Forward,2025-08-16,Historical 2025-08-16,-376.32
T13,D3,FX Forward,2025-08-17,Historical 2025-08-17,554.4
T13,D3,FX Forward,2025-08-18,Historical 2025-08-18,342.72
T13,D3,FX Forward,2025-08-19,Historical 2025-08-19,117.6
T14,D3,IR Swap,2025-07-01,Historical 2025-07-01,-7910.24
T14,D3,IR Swap,2025-07-02,Historical 2025-07-02,3474.24
T14,D3,IR Swap,2025-07-03,Historical 2025-07-03,2512.62
T14,D3,IR Swap,2025-07-04,Historical 2025-07-04,-184.62
T14,D3,IR Swap,2025-07-05,Historical 2025-07-05,-3045.0
T14,D3,IR Swap,2025-07-06,Historical 2025-07-06,-6658.08
T14,D3,IR Swap,2025-07-07,Historical 2025-07-07,4361.0
T14,D3,IR Swap,2025-07-08,Historical 2025-07-08,3378.4
T14,D3,IR Swap,2025-07-09,Historical 2025-07-09,532.95
T14,D3,IR Swap,2025-07-10,Historical 2025-07-10,-2222.74
T14,D3,IR Swap,2025-07-11,Historical 2025-07-11,-5815.9
T14,D3,IR Swap,2025-07-12,Historical 2025-07-12,5000.94
T14,D3,IR Swap,2025-07-13,Historical 2025-07-13,4062.22
T14,D3,IR Swap,2025-07-14,Historical 2025-07-14,1355.12
T14,D3,IR Swap,2025-07-15,Historical 2025-07-15,-1359.36
T14,D3,IR Swap,2025-07-16,Historical 2025-07-16,-5326.2
T14,D3,IR Swap,2025-07-17,Historical 2025-07-17,5961.9
T14,D3,IR Swap,2025-07-18,Historical 2025-07-18,5002.2
T14,D3,IR Swap,2025-07-19,Historical 2025-07-19,1983.65
T14,D3,IR Swap,2025-07-20,Historical 2025-07-20,-707.7
T14,D3,IR Swap,2025-07-21,Historical 2025-07-21,-4498.86
T14,D3,IR Swap,2025-07-22,Historical 2025-07-22,-7357.0
T14,D3,IR Swap,2025-07-23,Historical 2025-07-23,3984.04
T14,D3,IR Swap,2025-07-24,Historical 2025-07-24,2647.65
T14,D3,IR Swap,2025-07-25,Historical 2025-07-25,66.64
T14,D3,IR Swap,2025-07-26,Historical 2025-07-26,-3934.96
T14,D3,IR Swap,2025-07-27,Historical 2025-07-27,-6879.6
T14,D3,IR Swap,2025-07-28,Historical 2025-07-28,4425.6
T14,D3,IR Swap,2025-07-29,Historical 2025-07-29,3493.71
T14,D3,IR Swap,2025-07-30,Historical 2025-07-30,777.6
T14,D3,IR Swap,2025-07-31,Historical 2025-07-31,-3122.46
T14,D3,IR Swap,2025-08-01,Historical 2025-08-01,-6107.92
T14,D3,IR Swap,2025-08-02,Historical 2025-08-02,5137.92
T14,D3,IR Swap,2025-08-03,Historical 2025-08-03,4228.29
T14,D3,IR Swap,2025-08-04,Historical 2025-08-04,1583.04
T14,D3,IR Swap,2025-08-05,Historical 2025-08-05,-2532.6
T14,D3,IR Swap,2025-08-06,Historical 2025-08-06,-4977.07
T14,D3,IR Swap,2025-08-07,Historical 2025-08-07,6094.0
T14,D3,IR Swap,2025-08-08,Historical 2025-08-08,5163.39
T14,D3,IR Swap,2025-08-09,Historical 2025-08-09,2179.3
T14,D3,IR Swap,2025-08-10,Historical 2025-08-10,-1720.1
T14,D3,IR Swap,2025-08-11,Historical 2025-08-11,-4169.55
T14,D3,IR Swap,2025-08-12,Historical 2025-08-12,-6965.84
T14,D3,IR Swap,2025-08-13,Historical 2025-08-13,4158.17
T14,D3,IR Swap,2025-08-14,Historical 2025-08-14,3157.44
T14,D3,IR Swap,2025-08-15,Historical 2025-08-15,-890.88
T14,D3,IR Swap,2025-08-16,Historical 2025-08-16,-3610.53
T14,D3,IR Swap,2025-08-17,Historical 2025-08-17,-6493.32
T14,D3,IR Swap,2025-08-18,Historical 2025-08-18,5101.95
T14,D3,IR Swap,2025-08-19,Historical 2025-08-19,3664.66
T15,D3,Cash Equity,2025-07-01,Historical 2025-07-01,-362.88
T15,D3,Cash Equity,2025-07-02,Historical 2025-07-02,-623.7
T15,D3,Cash Equity,2025-07-03,Historical 2025-07-03,449.82
T15,D3,Cash Equity,2025-07-04,Historical 2025-07-04,198.45
T15,D3,Cash Equity,2025-07-05,Historical 2025-07-05,-61.11
T15,D3,Cash Equity,2025-07-06,Historical 2025-07-06,-315.0
T15,D3,Cash Equity,2025-07-07,Historical 2025-07-07,-584.01
T15,D3,Cash Equity,2025-07-08,Historical 2025-07-08,478.8
T15,D3,Cash Equity,2025-07-09,Historical 2025-07-09,246.96
T15,D3,Cash Equity,2025-07-10,Historical 2025-07-10,0.0
T15,D3,Cash Equity,2025-07-11,Historical 2025-07-11,-246.96
T15,D3,Cash Equity,2025-07-12,Historical 2025-07-12,-509.04
T15,D3,Cash Equity,2025-07-13,Historical 2025-07-13,589.68
T15,D3,Cash Equity,2025-07-14,Historical 2025-07-14,302.4
T15,D3,Cash Equity,2025-07-15,Historical 2025-07-15,62.37
T15,D3,Cash Equity,2025-07-16,Historical 2025-07-16,-192.78
T15,D3,Cash Equity,2025-07-17,Historical 2025-07-17,-463.05
T15,D3,Cash Equity,2025-07-18,Historical 2025-07-18,611.1
T15,D3,Cash Equity,2025-07-19,Historical 2025-07-19,378.0
T15,D3,Cash Equity,2025-07-20,Historical 2025-07-20,122.22
T15,D3,Cash Equity,2025-07-21,Historical 2025-07-21,-126.0
T15,D3,Cash Equity,2025-07-22,Historical 2025-07-22,-389.34
T15,D3,Cash Equity,2025-07-23,Historical 2025-07-23,-598.5
T15,D3,Cash Equity,2025-07-24,Historical 2025-07-24,432.18
T15,D3,Cash Equity,2025-07-25,Historical 2025-07-25,190.89
T15,D3,Cash Equity,2025-07-26,Historical 2025-07-26,-65.52
T15,D3,Cash Equity,2025-07-27,Historical 2025-07-27,-302.4
T15,D3,Cash Equity,2025-07-28,Historical 2025-07-28,-561.33
T15,D3,Cash Equity,2025-07-29,Historical 2025-07-29,514.08
T15,D3,Cash Equity,2025-07-30,Historical 2025-07-30,249.48
T15,D3,Cash Equity,2025-07-31,Historical 2025-07-31,0.0
T15,D3,Cash Equity,2025-08-01,Historical 2025-08-01,-241.92
T15,D3,Cash Equity,2025-08-02,Historical 2025-08-02,-498.96
T15,D3,Cash Equity,2025-08-03,Historical 2025-08-03,578.34
T15,D3,Cash Equity,2025-08-04,Historical 2025-08-04,330.75
T15,D3,Cash Equity,2025-08-05,Historical 2025-08-05,61.11
T15,D3,Cash Equity,2025-08-06,Historical 2025-08-06,-189.0
T15,D3,Cash Equity,2025-08-07,Historical 2025-08-07,-454.23
T15,D3,Cash Equity,2025-08-08,Historical 2025-08-08,598.5
T15,D3,Cash Equity,2025-08-09,Historical 2025-08-09,370.44
T15,D3,Cash Equity,2025-08-10,Historical 2025-08-10,119.7
T15,D3,Cash Equity,2025-08-11,Historical 2025-08-11,-123.48
T15,D3,Cash Equity,2025-08-12,Historical 2025-08-12,-381.78
T15,D3,Cash Equity,2025-08-13,Historical 2025-08-13,-655.2
T15,D3,Cash Equity,2025-08-14,Historical 2025-08-14,423.36
T15,D3,Cash Equity,2025-08-15,Historical 2025-08-15,187.11
T15,D3,Cash Equity,2025-08-16,Historical 2025-08-16,-64.26
T15,D3,Cash Equity,2025-08-17,Historical 2025-08-17,-330.75
T15,D3,Cash Equity,2025-08-18,Historical 2025-08-18,-549.99
T15,D3,Cash Equity,2025-08-19,Historical 2025-08-19,504.0
T16,D4,Rates Option,2025-07-01,Historical 2025-07-01,6246.702
T16,D4,Rates Option,2025-07-02,Historical 2025-07-02,-6304.212
T16,D4,Rates Option,2025-07-03,Historical 2025-07-03,-3728.55
T16,D4,Rates Option,2025-07-04,Historical 2025-07-04,-993.571
T16,D4,Rates Option,2025-07-05,Historical 2025-07-05,1605.3
T16,D4,Rates Option,2025-07-06,Historical 2025-07-06,5752.447
T16,D4,Rates Option,2025-07-07,Historical 2025-07-07,-6560.225
T16,D4,Rates Option,2025-07-08,Historical 2025-07-08,-4190.382
T16,D4,Rates Option,2025-07-09,Historical 2025-07-09,-1766.692
T16,D4,Rates Option,2025-07-10,Historical 2025-07-10,862.792
T16,D4,Rates Option,2025-07-11,Historical 2025-07-11,4908.6
T16,D4,Rates Option,2025-07-12,Historical 2025-07-12,7789.184
T16,D4,Rates Option,2025-07-13,Historical 2025-07-13,-4800.768
T16,D4,Rates Option,2025-07-14,Historical 2025-07-14,-2449.359
T16,D4,Rates Option,2025-07-15,Historical 2025-07-15,158.61
T16,D4,Rates Option,2025-07-16,Historical 2025-07-16,4341.855
T16,D4,Rates Option,2025-07-17,Historical 2025-07-17,6561.759
T16,D4,Rates Option,2025-07-18,Historical 2025-07-18,-5725.7
T16,D4,Rates Option,2025-07-19,Historical 2025-07-19,-3294.97
T16,D4,Rates Option,2025-07-20,Historical 2025-07-20,-569.4
T16,D4,Rates Option,2025-07-21,Historical 2025-07-21,3512.506
T16,D4,Rates Option,2025-07-22,Historical 2025-07-22,5737.81
T16,D4,Rates Option,2025-07-23,Historical 2025-07-23,-6321.588
T16,D4,Rates Option,2025-07-24,Historical 2025-07-24,-3859.21
T16,D4,Rates Option,2025-07-25,Historical 2025-07-25,-1346.072
T16,D4,Rates Option,2025-07-26,Historical 2025-07-26,2577.888
T16,D4,Rates Option,2025-07-27,Historical 2025-07-27,5261.751
T16,D4,Rates Option,2025-07-28,Historical 2025-07-28,-7319.01
T16,D4,Rates Option,2025-07-29,Historical 2025-07-29,-4773.195
T16,D4,Rates Option,2025-07-30,Historical 2025-07-30,-2059.584
T16,D4,Rates Option,2025-07-31,Historical 2025-07-31,2058.42
T16,D4,Rates Option,2025-08-01,Historical 2025-08-01,4544.1
T16,D4,Rates Option,2025-08-02,Historical 2025-08-02,7363.992
T16,D4,Rates Option,2025-08-03,Historical 2025-08-03,-5534.34
T16,D4,Rates Option,2025-08-04,Historical 2025-08-04,-2661.777
T16,D4,Rates Option,2025-08-05,Historical 2025-08-05,1235.5
T16,D4,Rates Option,2025-08-06,Historical 2025-08-06,3981.053
T16,D4,Rates Option,2025-08-07,Historical 2025-08-07,6169.965
T16,D4,Rates Option,2025-08-08,Historical 2025-08-08,-5875.786
T16,D4,Rates Option,2025-08-09,Historical 2025-08-09,-3503.69
T16,D4,Rates Option,2025-08-10,Historical 2025-08-10,500.388
T16,D4,Rates Option,2025-08-11,Historical 2025-08-11,3171.602
T16,D4,Rates Option,2025-08-12,Historical 2025-08-12,6000.592
T16,D4,Rates Option,2025-08-13,Historical 2025-08-13,-6451.776
T16,D4,Rates Option,2025-08-14,Historical 2025-08-14,-4050.09
T16,D4,Rates Option,2025-08-15,Historical 2025-08-15,-218.586
T16,D4,Rates Option,2025-08-16,Historical 2025-08-16,2536.065
T16,D4,Rates Option,2025-08-17,Historical 2025-08-17,4893.553
T16,D4,Rates Option,2025-08-18,Historical 2025-08-18,-7445.5
T16,D4,Rates Option,2025-08-19,Historical 2025-08-19,-4960.377
T17,D4,Credit Index Swap,2025-07-01,Historical 2025-07-01,-3056.94
T17,D4,Credit Index Swap,2025-07-02,Historical 2025-07-02,-5934.6
T17,D4,Credit Index Swap,2025-07-03,Historical 2025-07-03,4816.05
T17,D4,Credit Index Swap,2025-07-04,Historical 2025-07-04,2310.0
T17,D4,Credit Index Swap,2025-07-05,Historical 2025-07-05,-355.35
T17,D4,Credit Index Swap,2025-07-06,Historical 2025-07-06,-2160.3
T17,D4,Credit Index Swap,2025-07-07,Historical 2025-07-07,-4830.42
T17,D4,Credit Index Swap,2025-07-08,Historical 2025-07-08,5744.88
T17,D4,Credit Index Swap,2025-07-09,Historical 2025-07-09,3154.32
T17,D4,Credit Index Swap,2025-07-10,Historical 2025-07-10,381.78
T17,D4,Credit Index Swap,2025-07-11,Historical 2025-07-11,-1613.04
T17,D4,Credit Index Swap,2025-07-12,Historical 2025-07-12,-4037.76
T17,D4,Credit Index Swap,2025-07-13,Historical 2025-07-13,6346.89
T17,D4,Credit Index Swap,2025-07-14,Historical 2025-07-14,3831.12
T17,D4,Credit Index Swap,2025-07-15,Historical 2025-07-15,1156.05
T17,D4,Credit Index Swap,2025-07-16,Historical 2025-07-16,-803.16
T17,D4,Credit Index Swap,2025-07-17,Historical 2025-07-17,-3483.0
T17,D4,Credit Index Swap,2025-07-18,Historical 2025-07-18,-6322.14
T17,D4,Credit Index Swap,2025-07-19,Historical 2025-07-19,4255.05
T17,D4,Credit Index Swap,2025-07-20,Historical 2025-07-20,1878.72
T17,D4,Credit Index Swap,2025-07-21,Historical 2025-07-21,-1915.2
T17,D4,Credit Index Swap,2025-07-22,Historical 2025-07-22,-2704.8
T17,D4,Credit Index Swap,2025-07-23,Historical 2025-07-23,-5469.15
T17,D4,Credit Index Swap,2025-07-24,Historical 2025-07-24,5410.08
T17,D4,Credit Index Swap,2025-07-25,Historical 2025-07-25,2445.12
T17,D4,Credit Index Swap,2025-07-26,Historical 2025-07-26,-1280.07
T17,D4,Credit Index Swap,2025-07-27,Historical 2025-07-27,-2077.74
T17,D4,Credit Index Swap,2025-07-28,Historical 2025-07-28,-4926.6
T17,D4,Credit Index Swap,2025-07-29,Historical 2025-07-29,5747.25
T17,D4,Credit Index Swap,2025-07-30,Historical 2025-07-30,3433.5
T17,D4,Credit Index Swap,2025-07-31,Historical 2025-07-31,-552.9
T17,D4,Credit Index Swap,2025-08-01,Historical 2025-08-01,-1340.28
T17,D4,Credit Index Swap,2025-08-02,Historical 2025-08-02,-4167.45
T17,D4,Credit Index Swap,2025-08-03,Historical 2025-08-03,6448.56
T17,D4,Credit Index Swap,2025-08-04,Historical 2025-08-04,3993.0
T17,D4,Credit Index Swap,2025-08-05,Historical 2025-08-05,157.59
T17,D4,Credit Index Swap,2025-08-06,Historical 2025-08-06,-561.45
T17,D4,Credit Index Swap,2025-08-07,Historical 2025-08-07,-3181.08
T17,D4,Credit Index Swap,2025-08-08,Historical 2025-08-08,-5960.01
T17,D4,Credit Index Swap,2025-08-09,Historical 2025-08-09,4904.64
T17,D4,Credit Index Swap,2025-08-10,Historical 2025-08-10,884.76
T17,D4,Credit Index Swap,2025-08-11,Historical 2025-08-11,-1850.16
T17,D4,Credit Index Swap,2025-08-12,Historical 2025-08-12,-2422.08
T17,D4,Credit Index Swap,2025-08-13,Historical 2025-08-13,-5126.22
T17,D4,Credit Index Swap,2025-08-14,Historical 2025-08-14,5547.78
T17,D4,Credit Index Swap,2025-08-15,Historical 2025-08-15,1678.95
T17,D4,Credit Index Swap,2025-08-16,Historical 2025-08-16,-1024.32
T17,D4,Credit Index Swap,2025-08-17,Historical 2025-08-17,-1800.0
T17,D4,Credit Index Swap,2025-08-18,Historical 2025-08-18,-4588.65
T17,D4,Credit Index Swap,2025-08-19,Historical 2025-08-19,5853.9
T18,D4,Equity Option,2025-07-01,Historical 2025-07-01,-912.45
T18,D4,Equity Option,2025-07-02,Historical 2025-07-02,-417.1
T18,D4,Equity Option,2025-07-03,Historical 2025-07-03,912.0
T18,D4,Equity Option,2025-07-04,Historical 2025-07-04,374.92
T18,D4,Equity Option,2025-07-05,Historical 2025-07-05,-174.8
T18,D4,Equity Option,2025-07-06,Historical 2025-07-06,-717.36
T18,D4,Equity Option,2025-07-07,Historical 2025-07-07,-1292.8
T18,D4,Equity Option,2025-07-08,Historical 2025-07-08,1090.96
T18,D4,Equity Option,2025-07-09,Historical 2025-07-09,480.96
T18,D4,Equity Option,2025-07-10,Historical 2025-07-10,-48.88
T18,D4,Equity Option,2025-07-11,Historical 2025-07-11,-571.2
T18,D4,Equity Option,2025-07-12,Historical 2025-07-12,-1131.57
T18,D4,Equity Option,2025-07-13,Historical 2025-07-13,1209.72
T18,D4,Equity Option,2025-07-14,Historical 2025-07-14,669.9
T18,D4,Equity Option,2025-07-15,Historical 2025-07-15,87.3
T18,D4,Equity Option,2025-07-16,Historical 2025-07-16,-458.0
T18,D4,Equity Option,2025-07-17,Historical 2025-07-17,-1036.18
T18,D4,Equity Option,2025-07-18,Historical 2025-07-18,1256.85
T18,D4,Equity Option,2025-07-19,Historical 2025-07-19,759.5
T18,D4,Equity Option,2025-07-20,Historical 2025-07-20,215.65
T18,D4,Equity Option,2025-07-21,Historical 2025-07-21,-314.58
T18,D4,Equity Option,2025-07-22,Historical 2025-07-22,-877.69
T18,D4,Equity Option,2025-07-23,Historical 2025-07-23,-447.2
T18,D4,Equity Option,2025-07-24,Historical 2025-07-24,875.52
T18,D4,Equity Option,2025-07-25,Historical 2025-07-25,360.36
T18,D4,Equity Option,2025-07-26,Historical 2025-07-26,-187.68
T18,D4,Equity Option,2025-07-27,Historical 2025-07-27,-768.6
T18,D4,Equity Option,2025-07-28,Historical 2025-07-28,-1241.6
T18,D4,Equity Option,2025-07-29,Historical 2025-07-29,1049.0
T18,D4,Equity Option,2025-07-30,Historical 2025-07-30,485.97
T18,D4,Equity Option,2025-07-31,Historical 2025-07-31,-47.0
T18,D4,Equity Option,2025-08-01,Historical 2025-08-01,-624.75
T18,D4,Equity Option,2025-08-02,Historical 2025-08-02,-1108.71
T18,D4,Equity Option,2025-08-03,Historical 2025-08-03,1186.0
T18,D4,Equity Option,2025-08-04,Historical 2025-08-04,657.14
T18,D4,Equity Option,2025-08-05,Historical 2025-08-05,85.5
T18,D4,Equity Option,2025-08-06,Historical 2025-08-06,-448.84
T18,D4,Equity Option,2025-08-07,Historical 2025-08-07,-1016.06
T18,D4,Equity Option,2025-08-08,Historical 2025-08-08,1375.92
T18,D4,Equity Option,2025-08-09,Historical 2025-08-09,744.0
T18,D4,Equity Option,2025-08-10,Historical 2025-08-10,236.08
T18,D4,Equity Option,2025-08-11,Historical 2025-08-11,-308.16
T18,D4,Equity Option,2025-08-12,Historical 2025-08-12,-860.31
T18,D4,Equity Option,2025-08-13,Historical 2025-08-13,-438.6
T18,D4,Equity Option,2025-08-14,Historical 2025-08-14,957.6
T18,D4,Equity Option,2025-08-15,Historical 2025-08-15,353.08
T18,D4,Equity Option,2025-08-16,Historical 2025-08-16,-184.0
T18,D4,Equity Option,2025-08-17,Historical 2025-08-17,-753.96
T18,D4,Equity Option,2025-08-18,Historical 2025-08-18,-1216.0
T18,D4,Equity Option,2025-08-19,Historical 2025-08-19,1028.02
T19,D5,Commodity Forward,2025-07-01,Historical 2025-07-01,-898.22
T19,D5,Commodity Forward,2025-07-02,Historical 2025-07-02,664.0
T19,D5,Commodity Forward,2025-07-03,Historical 2025-07-03,288.4
T19,D5,Commodity Forward,2025-07-04,Historical 2025-07-04,-98.8
T19,D5,Commodity Forward,2025-07-05,Historical 2025-07-05,-478.24
T19,D5,Commodity Forward,2025-07-06,Historical 2025-07-06,-838.3
T19,D5,Commodity Forward,2025-07-07,Historical 2025-07-07,790.4
T19,D5,Commodity Forward,2025-07-08,Historical 2025-07-08,360.96
T19,D5,Commodity Forward,2025-07-09,Historical 2025-07-09,-7.92
T19,D5,Commodity Forward,2025-07-10,Historical 2025-07-10,-376.32
T19,D5,Commodity Forward,2025-07-11,Historical 2025-07-11,-726.66
T19,D5,Commodity Forward,2025-07-12,Historical 2025-07-12,873.12
T19,D5,Commodity Forward,2025-07-13,Historical 2025-07-13,495.6
T19,D5,Commodity Forward,2025-07-14,Historical 2025-07-14,85.36
T19,D5,Commodity Forward,2025-07-15,Historical 2025-07-15,-296.0
T19,D5,Commodity Forward,2025-07-16,Historical 2025-07-16,-657.14
T19,D5,Commodity Forward,2025-07-17,Historical 2025-07-17,904.4
T19,D5,Commodity Forward,2025-07-18,Historical 2025-07-18,556.64
T19,D5,Commodity Forward,2025-07-19,Historical 2025-07-19,185.84
T19,D5,Commodity Forward,2025-07-20,Historical 2025-07-20,-196.0
T19,D5,Commodity Forward,2025-07-21,Historical 2025-07-21,-589.84
T19,D5,Commodity Forward,2025-07-22,Historical 2025-07-22,-963.04
T19,D5,Commodity Forward,2025-07-23,Historical 2025-07-23,637.44
T19,D5,Commodity Forward,2025-07-24,Historical 2025-07-24,277.2
T19,D5,Commodity Forward,2025-07-25,Historical 2025-07-25,-106.08
T19,D5,Commodity Forward,2025-07-26,Historical 2025-07-26,-512.4
T19,D5,Commodity Forward,2025-07-27,Historical 2025-07-27,-805.1
T19,D5,Commodity Forward,2025-07-28,Historical 2025-07-28,760.0
T19,D5,Commodity Forward,2025-07-29,Historical 2025-07-29,387.28
T19,D5,Commodity Forward,2025-07-30,Historical 2025-07-30,-8.0
T19,D5,Commodity Forward,2025-07-31,Historical 2025-07-31,-403.76
T19,D5,Commodity Forward,2025-08-01,Historical 2025-08-01,-711.98
T19,D5,Commodity Forward,2025-08-02,Historical 2025-08-02,856.0
T19,D5,Commodity Forward,2025-08-03,Historical 2025-08-03,486.16
T19,D5,Commodity Forward,2025-08-04,Historical 2025-08-04,83.6
T19,D5,Commodity Forward,2025-08-05,Historical 2025-08-05,-290.08
T19,D5,Commodity Forward,2025-08-06,Historical 2025-08-06,-644.38
T19,D5,Commodity Forward,2025-08-07,Historical 2025-08-07,990.08
T19,D5,Commodity Forward,2025-08-08,Historical 2025-08-08,545.28
T19,D5,Commodity Forward,2025-08-09,Historical 2025-08-09,182.16
T19,D5,Commodity Forward,2025-08-10,Historical 2025-08-10,-192.0
T19,D5,Commodity Forward,2025-08-11,Historical 2025-08-11,-578.16
T19,D5,Commodity Forward,2025-08-12,Historical 2025-08-12,-944.52
T19,D5,Commodity Forward,2025-08-13,Historical 2025-08-13,697.2
T19,D5,Commodity Forward,2025-08-14,Historical 2025-08-14,271.6
T19,D5,Commodity Forward,2025-08-15,Historical 2025-08-15,-104.0
T19,D5,Commodity Forward,2025-08-16,Historical 2025-08-16,-502.64
T19,D5,Commodity Forward,2025-08-17,Historical 2025-08-17,-788.5
T19,D5,Commodity Forward,2025-08-18,Historical 2025-08-18,744.8
T19,D5,Commodity Forward,2025-08-19,Historical 2025-08-19,379.76
T20,D5,Macro Hedge,2025-07-01,Historical 2025-07-01,-5718.3
T20,D5,Macro Hedge,2025-07-02,Historical 2025-07-02,4472.67
T20,D5,Macro Hedge,2025-07-03,Historical 2025-07-03,2761.0
T20,D5,Macro Hedge,2025-07-04,Historical 2025-07-04,938.33
T20,D5,Macro Hedge,2025-07-05,Historical 2025-07-05,-892.05
T20,D5,Macro Hedge,2025-07-06,Historical 2025-07-06,-4829.44
T20,D5,Macro Hedge,2025-07-07,Historical 2025-07-07,5710.54
T20,D5,Macro Hedge,2025-07-08,Historical 2025-07-08,3410.16
T20,D5,Macro Hedge,2025-07-09,Historical 2025-07-09,1371.84
T20,D5,Macro Hedge,2025-07-10,Historical 2025-07-10,-437.84
T20,D5,Macro Hedge,2025-07-11,Historical 2025-07-11,-3245.76
T20,D5,Macro Hedge,2025-07-12,Historical 2025-07-12,-6197.4
T20,D5,Macro Hedge,2025-07-13,Historical 2025-07-13,3872.94
T20,D5,Macro Hedge,2025-07-14,Historical 2025-07-14,2044.35
T20,D5,Macro Hedge,2025-07-15,Historical 2025-07-15,94.09
T20,D5,Macro Hedge,2025-07-16,Historical 2025-07-16,-2863.0
T20,D5,Macro Hedge,2025-07-17,Historical 2025-07-17,-5914.26
T20,D5,Macro Hedge,2025-07-18,Historical 2025-07-18,4099.25
T20,D5,Macro Hedge,2025-07-19,Historical 2025-07-19,2415.7
T20,D5,Macro Hedge,2025-07-20,Historical 2025-07-20,584.25
T20,D5,Macro Hedge,2025-07-21,Historical 2025-07-21,-2298.1
T20,D5,Macro Hedge,2025-07-22,Historical 2025-07-22,-5276.24
T20,D5,Macro Hedge,2025-07-23,Historical 2025-07-23,5026.32
T20,D5,Macro Hedge,2025-07-24,Historical 2025-07-24,2863.68
T20,D5,Macro Hedge,2025-07-25,Historical 2025-07-25,1121.67
T20,D5,Macro Hedge,2025-07-26,Historical 2025-07-26,-1863.54
T20,D5,Macro Hedge,2025-07-27,Historical 2025-07-27,-4941.3
T20,D5,Macro Hedge,2025-07-28,Historical 2025-07-28,5699.72
T20,D5,Macro Hedge,2025-07-29,Historical 2025-07-29,3501.0
T20,D5,Macro Hedge,2025-07-30,Historical 2025-07-30,1601.47
T20,D5,Macro Hedge,2025-07-31,Historical 2025-07-31,-1309.0
T20,D5,Macro Hedge,2025-08-01,Historical 2025-08-01,-3316.95
T20,D5,Macro Hedge,2025-08-02,Historical 2025-08-02,-5856.86
T20,D5,Macro Hedge,2025-08-03,Historical 2025-08-03,4019.0
T20,D5,Macro Hedge,2025-08-04,Historical 2025-08-04,2234.07
T20,D5,Macro Hedge,2025-08-05,Historical 2025-08-05,-751.45
T20,D5,Macro Hedge,2025-08-06,Historical 2025-08-06,-2588.18
T20,D5,Macro Hedge,2025-08-07,Historical 2025-08-07,-5575.2
T20,D5,Macro Hedge,2025-08-08,Historical 2025-08-08,4718.48
T20,D5,Macro Hedge,2025-08-09,Historical 2025-08-09,2579.52
T20,D5,Macro Hedge,2025-08-10,Historical 2025-08-10,-283.92
T20,D5,Macro Hedge,2025-08-11,Historical 2025-08-11,-2038.08
T20,D5,Macro Hedge,2025-08-12,Historical 2025-08-12,-4951.98
T20,D5,Macro Hedge,2025-08-13,Historical 2025-08-13,5156.1
T20,D5,Macro Hedge,2025-08-14,Historical 2025-08-14,3365.25
T20,D5,Macro Hedge,2025-08-15,Historical 2025-08-15,237.65
T20,D5,Macro Hedge,2025-08-16,Historical 2025-08-16,-1605.0
T20,D5,Macro Hedge,2025-08-17,Historical 2025-08-17,-4618.52
T20,D5,Macro Hedge,2025-08-18,Historical 2025-08-18,5793.1
T20,D5,Macro Hedge,2025-08-19,Historical 2025-08-19,3648.54
